time,x,y,z,gx,gy,gz,barometer
0.02,0.35,-0.52,0.75,-0.09,0.09,0.04,1007.47
0.025,0.35,-0.55,0.76,-0.09,0.09,0.04,1007.47
0.025,0.35,-0.55,0.76,-0.09,0.09,0.04,1007.47
0.083,0.35,-0.55,0.76,-0.11,0.02,-0.08,1007.47
0.092,0.34,-0.55,0.74,-0.11,0.02,-0.08,1007.47
0.093,0.34,-0.55,0.74,-0.11,0.02,-0.08,1007.36
0.093,0.34,-0.55,0.74,-0.11,0.02,-0.08,1007.36
0.164,0.34,-0.55,0.74,-0.02,-0.03,0.02,1007.36
0.164,0.34,-0.55,0.74,-0.02,-0.03,0.02,1007.36
0.168,0.34,-0.56,0.74,-0.02,-0.03,0.02,1007.39
0.217,0.34,-0.56,0.74,-0.04,-0.02,-0.02,1007.39
0.217,0.34,-0.56,0.74,-0.04,-0.02,-0.02,1007.39
0.226,0.33,-0.56,0.74,-0.04,-0.02,-0.02,1007.39
0.226,0.33,-0.56,0.74,-0.04,-0.02,-0.02,1007.39
0.278,0.33,-0.56,0.74,-0.04,-0.02,-0.02,1007.45
0.278,0.33,-0.56,0.74,-0.04,-0.02,-0.02,1007.45
0.303,0.34,-0.56,0.75,0.00,-0.07,0.00,1007.47
0.303,0.34,-0.56,0.75,0.00,-0.07,0.00,1007.47
0.369,0.34,-0.56,0.75,0.03,-0.01,-0.01,1007.47
0.369,0.34,-0.56,0.75,0.03,-0.01,-0.01,1007.47
0.371,0.35,-0.56,0.75,0.03,-0.01,-0.01,1007.47
0.38,0.35,-0.56,0.75,0.03,-0.01,-0.01,1007.43
0.38,0.35,-0.56,0.75,0.03,-0.01,-0.01,1007.43
0.44,0.35,-0.56,0.75,0.02,0.00,-0.02,1007.43
0.443,0.34,-0.56,0.74,0.02,0.00,-0.02,1007.38
0.443,0.34,-0.56,0.74,0.02,0.00,-0.02,1007.38
0.483,0.34,-0.56,0.74,0.03,-0.00,-0.04,1007.38
0.503,0.35,-0.56,0.74,0.03,-0.00,-0.04,1007.38
0.524,0.35,-0.56,0.74,0.03,-0.00,-0.04,1007.42
0.524,0.35,-0.56,0.74,0.03,-0.00,-0.04,1007.42
0.57,0.35,-0.56,0.74,0.03,-0.01,-0.02,1007.42
0.57,0.35,-0.56,0.74,0.03,-0.01,-0.02,1007.42
0.587,0.33,-0.55,0.74,0.03,-0.01,-0.02,1007.33
0.617,0.33,-0.55,0.74,-0.02,-0.02,-0.01,1007.33
0.617,0.33,-0.55,0.74,-0.02,-0.02,-0.01,1007.33
0.617,0.33,-0.55,0.74,-0.02,-0.02,-0.01,1007.33
0.67,0.34,-0.56,0.75,-0.02,-0.02,-0.01,1007.33
0.673,0.34,-0.56,0.75,-0.02,-0.02,-0.01,1007.37
0.688,0.34,-0.56,0.75,0.01,0.03,0.00,1007.37
0.706,0.32,-0.57,0.75,0.01,0.03,0.00,1007.37
0.725,0.32,-0.57,0.75,0.01,0.03,0.00,1007.42
0.725,0.32,-0.57,0.75,0.01,0.03,0.00,1007.42
0.797,0.32,-0.57,0.75,0.03,0.00,0.01,1007.42
0.797,0.32,-0.57,0.75,0.03,0.00,0.01,1007.42
0.801,0.33,-0.57,0.75,0.03,0.00,0.01,1007.38
0.817,0.33,-0.57,0.75,-0.02,0.10,0.03,1007.38
0.817,0.33,-0.57,0.75,-0.02,0.10,0.03,1007.38
0.874,0.34,-0.56,0.74,-0.02,0.10,0.03,1007.38
0.874,0.34,-0.56,0.74,-0.02,0.10,0.03,1007.38
0.885,0.34,-0.56,0.74,-0.04,0.02,0.00,1007.45
0.901,0.34,-0.54,0.74,-0.04,0.02,0.00,1007.45
0.901,0.34,-0.54,0.74,-0.04,0.02,0.00,1007.45
0.959,0.34,-0.54,0.74,-0.04,0.02,0.00,1007.37
0.961,0.34,-0.54,0.74,-0.09,-0.00,0.01,1007.37
0.963,0.35,-0.57,0.78,-0.09,-0.00,0.01,1007.37
1.003,0.35,-0.57,0.78,-0.09,-0.00,0.01,1007.42
1.003,0.35,-0.57,0.78,-0.09,-0.00,0.01,1007.42
1.003,0.35,-0.57,0.78,-0.09,-0.00,0.01,1007.42
1.069,0.35,-0.57,0.78,0.00,0.23,-0.14,1007.42
1.069,0.35,-0.57,0.78,0.00,0.23,-0.14,1007.42
1.084,0.32,-0.55,0.74,0.13,0.26,-0.02,1007.49
1.096,0.32,-0.56,0.70,0.13,0.26,-0.02,1007.49
1.096,0.32,-0.56,0.70,0.13,0.26,-0.02,1007.49
1.165,0.32,-0.56,0.70,0.13,0.26,-0.02,1007.48
1.165,0.32,-0.56,0.70,0.13,0.26,-0.02,1007.48
1.183,0.32,-0.56,0.70,0.07,-0.28,-0.01,1007.48
1.186,0.36,-0.54,0.69,0.07,-0.28,-0.01,1007.48
1.186,0.36,-0.54,0.69,0.07,-0.28,-0.01,1007.48
1.267,0.36,-0.54,0.69,0.07,-0.28,-0.01,1007.53
1.267,0.36,-0.54,0.69,0.07,-0.28,-0.01,1007.53
1.267,0.36,-0.54,0.69,0.07,-0.28,-0.01,1007.53
1.273,0.34,-0.55,0.67,0.05,-1.67,0.87,1007.53
1.3,0.36,-0.44,0.67,0.12,-2.13,-0.05,1007.33
1.3,0.36,-0.44,0.67,0.12,-2.13,-0.05,1007.33
1.357,0.36,-0.44,0.67,-0.61,-2.26,-0.98,1007.33
1.357,0.36,-0.44,0.67,-0.61,-2.26,-0.98,1007.33
1.361,0.57,-0.57,0.59,-0.61,-2.26,-0.98,1007.37
1.361,0.57,-0.57,0.59,-0.61,-2.26,-0.98,1007.37
1.361,0.57,-0.57,0.59,-0.61,-2.26,-0.98,1007.37
1.466,0.57,-0.57,0.59,-1.51,-0.62,-0.56,1007.37
1.466,0.57,-0.57,0.59,-1.51,-0.62,-0.56,1007.37
1.466,0.57,-0.57,0.59,-1.51,-0.62,-0.56,1007.37
1.469,0.77,-0.67,0.58,-1.51,-0.62,-0.56,1007.46
1.493,0.77,-0.67,0.58,-0.13,0.59,-0.41,1007.49
1.504,0.71,-0.60,0.55,-0.13,0.59,-0.41,1007.49
1.504,0.71,-0.60,0.55,-0.13,0.59,-0.41,1007.49
1.567,0.71,-0.60,0.55,0.17,0.45,-0.50,1007.49
1.567,0.71,-0.60,0.55,0.17,0.45,-0.50,1007.49
1.572,0.63,-0.53,0.51,0.17,0.45,-0.50,1007.38
1.572,0.63,-0.53,0.51,0.17,0.45,-0.50,1007.38
1.659,0.63,-0.53,0.51,-0.68,0.19,-0.37,1007.38
1.659,0.63,-0.53,0.51,-0.68,0.19,-0.37,1007.38
1.659,0.63,-0.53,0.51,-0.68,0.19,-0.37,1007.38
1.684,0.67,-0.60,0.47,-0.60,1.32,0.42,1007.34
1.684,0.67,-0.60,0.47,-0.60,1.32,0.42,1007.34
1.704,0.83,-0.76,0.61,-0.60,1.32,0.42,1007.27
1.704,0.83,-0.76,0.61,-0.60,1.32,0.42,1007.27
1.762,0.83,-0.76,0.61,0.08,2.20,0.49,1007.27
1.762,0.83,-0.76,0.61,0.08,2.20,0.49,1007.27
1.773,0.53,-0.51,0.52,0.08,2.20,0.49,1007.44
1.773,0.53,-0.51,0.52,0.08,2.20,0.49,1007.44
1.773,0.53,-0.51,0.52,0.08,2.20,0.49,1007.44
1.866,0.53,-0.51,0.52,1.98,2.92,0.84,1007.44
1.866,0.53,-0.51,0.52,1.98,2.92,0.84,1007.44
1.869,0.22,-0.50,0.48,1.98,2.92,0.84,1007.44
1.888,0.22,-0.50,0.48,-0.47,1.03,0.53,1007.37
1.904,0.24,-0.53,0.74,-0.47,1.03,0.53,1007.37
1.904,0.24,-0.53,0.74,-0.47,1.03,0.53,1007.37
1.904,0.24,-0.53,0.74,-0.47,1.03,0.53,1007.37
1.904,0.24,-0.53,0.74,-0.47,1.03,0.53,1007.37
1.904,0.24,-0.53,0.74,-0.47,1.03,0.53,1007.37
1.904,0.24,-0.53,0.74,-0.47,1.03,0.53,1007.37
2.095,0.24,-0.53,0.74,-0.47,1.03,0.53,1007.35
2.095,0.24,-0.53,0.74,-0.47,1.03,0.53,1007.35
2.095,0.24,-0.53,0.74,-0.47,1.03,0.53,1007.35
2.095,0.24,-0.53,0.74,-0.47,1.03,0.53,1007.35
2.095,0.24,-0.53,0.74,-0.47,1.03,0.53,1007.35
2.1,0.20,-0.52,0.79,0.33,0.09,0.16,1007.52
2.123,0.02,-0.54,0.67,0.20,-1.33,0.99,1007.38
2.123,0.02,-0.54,0.67,0.20,-1.33,0.99,1007.38
2.158,0.02,-0.54,0.67,-0.60,-3.14,0.18,1007.38
2.158,0.02,-0.54,0.67,-0.60,-3.14,0.18,1007.38
2.197,0.04,-0.53,0.58,-0.60,-3.14,0.18,1007.38
2.199,0.04,-0.53,0.58,-0.60,-3.14,0.18,1007.42
2.217,0.04,-0.53,0.58,-0.68,-2.62,-0.42,1007.42
2.259,0.67,-0.78,0.58,-0.68,-2.62,-0.42,1007.42
2.259,0.67,-0.78,0.58,-0.68,-2.62,-0.42,1007.42
2.285,0.67,-0.78,0.58,-1.41,-0.94,-1.19,1007.25
2.303,0.49,-0.56,0.56,-1.41,-0.94,-1.19,1007.25
2.303,0.49,-0.56,0.56,-1.41,-0.94,-1.19,1007.25
2.303,0.49,-0.56,0.56,-1.41,-0.94,-1.19,1007.25
2.364,0.49,-0.56,0.56,-1.41,-0.94,-1.19,1007.35
2.367,0.49,-0.56,0.56,1.81,-0.75,-1.61,1007.35
2.369,0.60,-0.53,0.51,1.81,-0.75,-1.61,1007.35
2.403,0.60,-0.53,0.51,1.81,-0.75,-1.61,1007.34
2.403,0.60,-0.53,0.51,1.81,-0.75,-1.61,1007.34
2.453,0.60,-0.53,0.51,-0.68,-1.39,-0.36,1007.34
2.455,0.70,-0.62,0.50,-0.68,-1.39,-0.36,1007.34
2.473,0.70,-0.62,0.50,-0.68,-1.39,-0.36,1007.28
2.484,0.70,-0.62,0.50,-0.24,-0.31,0.22,1007.28
2.501,0.78,-0.55,0.50,-0.24,-0.31,0.22,1007.28
2.543,0.78,-0.55,0.50,-0.24,-0.31,0.22,1007.42
2.543,0.78,-0.55,0.50,-0.24,-0.31,0.22,1007.42
2.574,0.78,-0.55,0.50,-0.11,0.29,-0.33,1007.42
2.576,0.75,-0.53,0.48,-0.11,0.29,-0.33,1007.42
2.576,0.75,-0.53,0.48,-0.11,0.29,-0.33,1007.42
2.576,0.75,-0.53,0.48,-0.11,0.29,-0.33,1007.42
2.668,0.75,-0.53,0.48,-0.11,0.29,-0.33,1007.40
2.668,0.75,-0.53,0.48,-0.11,0.29,-0.33,1007.40
2.67,0.75,-0.53,0.48,-0.35,0.57,-0.20,1007.40
2.688,0.83,-0.58,0.51,-0.52,3.02,1.43,1007.42
2.704,0.80,-0.75,0.62,-0.52,3.02,1.43,1007.42
2.704,0.80,-0.75,0.62,-0.52,3.02,1.43,1007.42
2.704,0.80,-0.75,0.62,-0.52,3.02,1.43,1007.42
2.791,0.80,-0.75,0.62,0.51,2.56,0.62,1007.42
2.791,0.80,-0.75,0.62,0.51,2.56,0.62,1007.42
2.795,0.80,-0.75,0.62,0.51,2.56,0.62,1007.35
2.809,0.26,-0.55,0.60,0.51,2.56,0.62,1007.35
2.835,0.34,-0.64,0.62,0.09,0.88,0.61,1007.44
2.835,0.34,-0.64,0.62,0.09,0.88,0.61,1007.44
2.883,0.34,-0.64,0.62,-0.00,0.79,0.51,1007.44
2.883,0.34,-0.64,0.62,-0.00,0.79,0.51,1007.44
2.902,0.30,-0.59,0.71,-0.00,0.79,0.51,1007.43
2.902,0.30,-0.59,0.71,-0.00,0.79,0.51,1007.43
2.902,0.30,-0.59,0.71,-0.00,0.79,0.51,1007.43
2.983,0.30,-0.59,0.71,-0.13,0.37,0.15,1007.43
2.983,0.30,-0.59,0.71,-0.13,0.37,0.15,1007.43
2.988,0.23,-0.62,0.69,-0.13,0.37,0.15,1007.51
3.017,0.23,-0.62,0.69,-0.08,-0.84,-0.41,1007.51
3.017,0.23,-0.62,0.69,-0.08,-0.84,-0.41,1007.51
3.017,0.23,-0.62,0.69,-0.08,-0.84,-0.41,1007.51
3.092,0.23,-0.62,0.69,-0.08,-0.84,-0.41,1007.39
3.092,0.23,-0.62,0.69,-0.08,-0.84,-0.41,1007.39
3.097,0.15,-0.58,0.65,-0.01,-3.70,-2.40,1007.39
3.117,0.38,-0.53,0.77,-0.01,-3.70,-2.40,1007.39
3.12,0.38,-0.53,0.77,-0.01,-3.70,-2.40,1007.47
3.179,0.38,-0.53,0.77,-0.42,0.69,1.66,1007.47
3.179,0.38,-0.53,0.77,-0.42,0.69,1.66,1007.47
3.183,0.40,-0.73,0.63,-0.42,0.69,1.66,1007.40
3.217,0.40,-0.73,0.63,-0.55,-0.40,-0.69,1007.40
3.217,0.40,-0.73,0.63,-0.55,-0.40,-0.69,1007.40
3.262,0.51,-0.51,0.58,-0.55,-0.40,-0.69,1007.40
3.262,0.51,-0.51,0.58,-0.55,-0.40,-0.69,1007.40
3.283,0.51,-0.51,0.58,0.75,-0.75,-1.05,1007.51
3.303,0.50,-0.56,0.55,0.75,-0.75,-1.05,1007.51
3.303,0.50,-0.56,0.55,0.75,-0.75,-1.05,1007.51
3.322,0.50,-0.56,0.55,0.75,-0.75,-1.05,1007.49
3.322,0.50,-0.56,0.55,0.75,-0.75,-1.05,1007.49
3.385,0.50,-0.56,0.55,-0.37,-1.72,-0.70,1007.49
3.385,0.50,-0.56,0.55,-0.37,-1.72,-0.70,1007.49
3.389,0.67,-0.58,0.50,-0.37,-1.72,-0.70,1007.44
3.418,0.67,-0.58,0.50,0.05,-0.78,0.26,1007.44
3.418,0.67,-0.58,0.50,0.05,-0.78,0.26,1007.44
3.418,0.67,-0.58,0.50,0.05,-0.78,0.26,1007.44
3.497,0.78,-0.60,0.48,0.05,-0.78,0.26,1007.44
3.497,0.78,-0.60,0.48,0.05,-0.78,0.26,1007.44
3.506,0.76,-0.56,0.49,-0.13,-0.07,0.26,1007.53
3.528,0.76,-0.56,0.49,-0.13,-0.07,0.26,1007.40
3.552,0.76,-0.56,0.49,0.30,0.07,-0.12,1007.40
3.552,0.76,-0.56,0.49,0.30,0.07,-0.12,1007.40
3.595,0.74,-0.57,0.48,0.30,0.07,-0.12,1007.40
3.595,0.74,-0.57,0.48,0.30,0.07,-0.12,1007.40
3.617,0.74,-0.57,0.48,-0.17,0.02,0.02,1007.50
3.617,0.74,-0.57,0.48,-0.17,0.02,0.02,1007.50
3.675,0.99,-0.67,0.48,-0.17,0.02,0.02,1007.50
3.675,0.99,-0.67,0.48,-0.17,0.02,0.02,1007.50
3.679,0.99,-0.67,0.48,-0.17,0.02,0.02,1007.49
3.696,0.99,-0.67,0.48,0.24,3.39,1.59,1007.49
3.716,0.81,-0.66,0.63,0.24,3.39,1.59,1007.49
3.737,0.81,-0.66,0.63,0.24,3.39,1.59,1007.50
3.757,0.81,-0.66,0.63,1.07,3.76,0.69,1007.50
3.757,0.81,-0.66,0.63,1.07,3.76,0.69,1007.50
3.796,0.57,-0.51,0.51,1.07,3.76,0.69,1007.50
3.808,0.57,-0.51,0.51,1.07,3.76,0.69,1007.43
3.825,0.57,-0.51,0.51,-0.38,1.46,0.54,1007.43
3.839,0.48,-0.55,0.61,-0.38,1.46,0.54,1007.43
3.839,0.48,-0.55,0.61,-0.38,1.46,0.54,1007.43
3.889,0.48,-0.55,0.61,-0.38,1.46,0.54,1007.48
3.904,0.15,-0.49,0.69,1.45,1.87,0.41,1007.48
3.904,0.15,-0.49,0.69,1.45,1.87,0.41,1007.48
3.943,0.15,-0.49,0.69,1.45,1.87,0.41,1007.54
3.943,0.15,-0.49,0.69,1.45,1.87,0.41,1007.54
3.994,0.15,-0.49,0.69,0.08,0.82,0.36,1007.54
3.994,0.15,-0.49,0.69,0.08,0.82,0.36,1007.54
3.997,0.11,-0.55,0.72,0.08,0.82,0.36,1007.54
4.017,0.11,-0.55,0.72,-0.19,-0.12,0.02,1007.41
4.035,0.08,-0.58,0.77,-0.19,-0.12,0.02,1007.41
4.035,0.08,-0.58,0.77,-0.19,-0.12,0.02,1007.41
4.101,0.08,-0.58,0.77,-0.19,-0.12,0.02,1007.52
4.101,0.08,-0.58,0.77,-0.19,-0.12,0.02,1007.52
4.104,0.08,-0.58,0.77,-0.16,-0.45,-0.24,1007.52
4.13,-0.07,-0.43,0.68,-0.16,-0.45,-0.24,1007.52
4.15,-0.07,-0.43,0.68,0.08,-2.48,-1.96,1007.52
4.154,-0.07,-0.43,0.68,0.08,-2.48,-1.96,1007.41
4.154,-0.07,-0.43,0.68,0.08,-2.48,-1.96,1007.41
4.154,-0.07,-0.43,0.68,0.08,-2.48,-1.96,1007.41
4.154,-0.07,-0.43,0.68,0.08,-2.48,-1.96,1007.41
4.154,-0.07,-0.43,0.68,0.08,-2.48,-1.96,1007.41
4.154,-0.07,-0.43,0.68,0.08,-2.48,-1.96,1007.41
4.154,-0.07,-0.43,0.68,0.08,-2.48,-1.96,1007.41
4.154,-0.07,-0.43,0.68,0.08,-2.48,-1.96,1007.41
4.154,-0.07,-0.43,0.68,0.08,-2.48,-1.96,1007.41
4.477,0.05,-0.45,0.69,0.08,-2.48,-1.96,1007.41
4.477,0.05,-0.45,0.69,0.08,-2.48,-1.96,1007.41
4.477,0.05,-0.45,0.69,0.08,-2.48,-1.96,1007.41
4.477,0.05,-0.45,0.69,0.08,-2.48,-1.96,1007.41
4.477,0.05,-0.45,0.69,0.08,-2.48,-1.96,1007.41
4.477,0.05,-0.45,0.69,0.08,-2.48,-1.96,1007.41
4.477,0.05,-0.45,0.69,0.08,-2.48,-1.96,1007.41
4.477,0.05,-0.45,0.69,0.08,-2.48,-1.96,1007.41
4.477,0.05,-0.45,0.69,0.08,-2.48,-1.96,1007.41
4.486,0.61,-0.57,0.66,-0.72,-1.39,-0.33,1007.32
4.492,0.67,-0.53,0.54,-0.65,-0.78,-0.03,1007.37
4.534,0.75,-0.58,0.52,-0.65,-0.78,-0.03,1007.37
4.536,0.75,-0.58,0.52,-0.65,-0.78,-0.03,1007.35
4.575,0.75,-0.58,0.52,-0.09,0.07,-0.01,1007.35
4.575,0.75,-0.58,0.52,-0.09,0.07,-0.01,1007.35
4.578,0.76,-0.55,0.51,-0.09,0.07,-0.01,1007.42
4.617,0.76,-0.55,0.51,0.20,0.89,0.35,1007.42
4.636,0.93,-0.65,0.55,0.20,0.89,0.35,1007.42
4.643,0.93,-0.65,0.55,0.20,0.89,0.35,1007.46
4.643,0.93,-0.65,0.55,0.20,0.89,0.35,1007.46
4.696,0.93,-0.65,0.55,-0.06,4.81,2.38,1007.46
4.702,0.46,-0.56,0.56,-0.06,4.81,2.38,1007.46
4.725,0.46,-0.56,0.56,-0.06,4.81,2.38,1007.39
4.725,0.46,-0.56,0.56,-0.06,4.81,2.38,1007.39
4.75,0.46,-0.56,0.56,1.78,3.32,0.61,1007.39
4.75,0.46,-0.56,0.56,1.78,3.32,0.61,1007.39
4.813,0.32,-0.59,0.61,1.78,3.32,0.61,1007.39
4.813,0.32,-0.59,0.61,1.78,3.32,0.61,1007.39
4.818,0.32,-0.59,0.61,-0.42,0.62,0.38,1007.42
4.836,0.28,-0.54,0.63,-0.42,0.62,0.38,1007.42
4.836,0.28,-0.54,0.63,-0.42,0.62,0.38,1007.42
4.906,0.28,-0.54,0.63,-0.42,0.62,0.38,1007.39
4.906,0.28,-0.54,0.63,-0.42,0.62,0.38,1007.39
4.912,0.20,-0.57,0.69,0.98,0.72,0.37,1007.39
4.938,0.20,-0.57,0.69,0.98,0.72,0.37,1007.43
4.938,0.20,-0.57,0.69,0.98,0.72,0.37,1007.43
4.959,0.20,-0.57,0.69,0.04,0.30,0.12,1007.43
4.978,0.11,-0.56,0.72,0.04,0.30,0.12,1007.43
5.012,0.11,-0.56,0.72,0.04,0.30,0.12,1007.50
5.021,0.11,-0.56,0.72,-0.03,-0.34,-0.26,1007.50
5.037,0.04,-0.51,0.66,-0.03,-0.34,-0.26,1007.50
5.037,0.04,-0.51,0.66,-0.03,-0.34,-0.26,1007.50
5.091,0.04,-0.51,0.66,-0.03,-0.34,-0.26,1007.39
5.091,0.04,-0.51,0.66,-0.03,-0.34,-0.26,1007.39
5.105,-0.01,-0.54,0.57,0.15,-1.65,0.23,1007.39
5.133,-0.01,-0.54,0.57,0.15,-1.65,0.23,1007.41
5.133,-0.01,-0.54,0.57,0.15,-1.65,0.23,1007.41
5.133,-0.01,-0.54,0.57,0.15,-1.65,0.23,1007.41
5.205,-0.01,-0.54,0.57,-1.07,0.09,-0.06,1007.41
5.205,-0.01,-0.54,0.57,-1.07,0.09,-0.06,1007.41
5.21,-0.06,-0.65,0.81,-1.07,0.09,-0.06,1007.37
5.229,-0.06,-0.65,0.81,-1.41,-0.93,-1.20,1007.37
5.249,0.20,-0.61,0.70,-1.41,-0.93,-1.20,1007.37
5.249,0.20,-0.61,0.70,-1.41,-0.93,-1.20,1007.37
5.322,0.20,-0.61,0.70,-1.41,-0.93,-1.20,1007.47
5.322,0.20,-0.61,0.70,-1.41,-0.93,-1.20,1007.47
5.322,0.20,-0.61,0.70,-1.41,-0.93,-1.20,1007.47
5.343,0.37,-0.52,0.64,1.33,-2.34,-2.42,1007.50
5.358,0.37,-0.52,0.64,0.15,-2.50,-0.85,1007.50
5.358,0.37,-0.52,0.64,0.15,-2.50,-0.85,1007.50
5.409,0.62,-0.56,0.57,0.15,-2.50,-0.85,1007.50
5.409,0.62,-0.56,0.57,0.15,-2.50,-0.85,1007.50
5.437,0.80,-0.59,0.53,-0.12,-1.74,0.38,1007.39
5.437,0.80,-0.59,0.53,-0.12,-1.74,0.38,1007.39
5.488,0.80,-0.59,0.53,-0.12,-1.74,0.38,1007.50
5.488,0.80,-0.59,0.53,-0.12,-1.74,0.38,1007.50
5.504,0.81,-0.56,0.53,-0.69,-0.68,0.24,1007.50
5.504,0.81,-0.56,0.53,-0.69,-0.68,0.24,1007.50
5.504,0.81,-0.56,0.53,-0.69,-0.68,0.24,1007.50
5.592,0.81,-0.56,0.53,0.01,0.12,-0.21,1007.50
5.592,0.81,-0.56,0.53,0.01,0.12,-0.21,1007.50
5.592,0.81,-0.56,0.53,0.01,0.12,-0.21,1007.50
5.598,0.74,-0.56,0.51,0.01,0.12,-0.21,1007.46
5.629,0.74,-0.56,0.51,0.16,0.04,-0.06,1007.46
5.653,0.81,-0.59,0.51,0.16,0.04,-0.06,1007.36
5.653,0.81,-0.59,0.51,0.16,0.04,-0.06,1007.36
5.653,0.81,-0.59,0.51,0.16,0.04,-0.06,1007.36
5.723,0.81,-0.59,0.51,0.06,3.07,2.14,1007.36
5.723,0.81,-0.59,0.51,0.06,3.07,2.14,1007.36
5.727,0.89,-0.72,0.57,0.06,3.07,2.14,1007.44
5.75,0.89,-0.72,0.57,-0.07,2.98,0.75,1007.44
5.75,0.89,-0.72,0.57,-0.07,2.98,0.75,1007.44
5.816,0.89,-0.72,0.57,-0.07,2.98,0.75,1007.39
5.816,0.89,-0.72,0.57,-0.07,2.98,0.75,1007.39
5.82,0.73,-0.70,0.66,1.40,1.52,0.44,1007.39
5.837,0.73,-0.70,0.66,1.40,1.52,0.44,1007.45
5.84,0.31,-0.58,0.65,1.40,1.52,0.44,1007.45
5.904,0.31,-0.58,0.65,0.72,1.27,0.82,1007.45
5.904,0.31,-0.58,0.65,0.72,1.27,0.82,1007.45
5.906,0.29,-0.60,0.69,0.72,1.27,0.82,1007.44
5.906,0.29,-0.60,0.69,0.72,1.27,0.82,1007.44
5.906,0.29,-0.60,0.69,0.72,1.27,0.82,1007.44
6.001,0.29,-0.60,0.69,0.33,1.01,0.39,1007.44
6.001,0.29,-0.60,0.69,0.33,1.01,0.39,1007.44
6.001,0.29,-0.60,0.69,0.33,1.01,0.39,1007.44
6.007,0.22,-0.57,0.71,0.33,1.01,0.39,1007.46
6.03,0.22,-0.57,0.71,0.08,0.44,0.15,1007.46
6.059,0.07,-0.52,0.71,0.08,0.44,0.15,1007.46
6.064,0.07,-0.52,0.71,0.08,0.44,0.15,1007.49
6.086,0.07,-0.52,0.71,-0.02,-0.77,-0.36,1007.49
6.086,0.07,-0.52,0.71,-0.02,-0.77,-0.36,1007.49
6.139,0.18,-0.66,0.73,-0.02,-0.77,-0.36,1007.49
6.141,0.18,-0.66,0.73,-0.02,-0.77,-0.36,1007.38
6.161,0.18,-0.66,0.73,-0.03,-0.90,0.21,1007.38
6.173,0.12,-0.61,0.72,-0.03,-0.90,0.21,1007.38
6.215,0.12,-0.61,0.72,-0.03,-0.90,0.21,1007.38
6.215,0.12,-0.61,0.72,-0.03,-0.90,0.21,1007.38
6.224,0.12,-0.61,0.72,-0.54,-2.85,-2.15,1007.38
6.253,0.49,-0.74,0.51,-0.54,-2.85,-2.15,1007.46
6.253,0.49,-0.74,0.51,-0.54,-2.85,-2.15,1007.46
6.304,0.49,-0.74,0.51,-0.01,-2.31,-0.47,1007.46
6.304,0.49,-0.74,0.51,-0.01,-2.31,-0.47,1007.46
6.323,0.21,-0.56,0.51,-0.01,-2.31,-0.47,1007.53
6.35,0.21,-0.56,0.51,0.61,-2.49,-3.07,1007.53
6.35,0.21,-0.56,0.51,0.61,-2.49,-3.07,1007.53
6.35,0.21,-0.56,0.51,0.61,-2.49,-3.07,1007.53
6.413,0.42,-0.53,0.52,0.61,-2.49,-3.07,1007.53
6.413,0.42,-0.53,0.52,0.61,-2.49,-3.07,1007.53
6.429,0.42,-0.53,0.52,-0.11,-2.29,-1.70,1007.46
6.429,0.42,-0.53,0.52,-0.11,-2.29,-1.70,1007.46
6.429,0.42,-0.53,0.52,-0.11,-2.29,-1.70,1007.46
6.429,0.42,-0.53,0.52,-0.11,-2.29,-1.70,1007.46
6.429,0.42,-0.53,0.52,-0.11,-2.29,-1.70,1007.46
6.429,0.42,-0.53,0.52,-0.11,-2.29,-1.70,1007.46
6.429,0.42,-0.53,0.52,-0.11,-2.29,-1.70,1007.46
6.429,0.42,-0.53,0.52,-0.11,-2.29,-1.70,1007.46
6.429,0.42,-0.53,0.52,-0.11,-2.29,-1.70,1007.46
6.709,0.71,-0.62,0.48,-0.11,-2.29,-1.70,1007.46
6.709,0.71,-0.62,0.48,-0.11,-2.29,-1.70,1007.46
6.709,0.71,-0.62,0.48,-0.11,-2.29,-1.70,1007.46
6.709,0.71,-0.62,0.48,-0.11,-2.29,-1.70,1007.46
6.709,0.71,-0.62,0.48,-0.11,-2.29,-1.70,1007.46
6.709,0.71,-0.62,0.48,-0.11,-2.29,-1.70,1007.46
6.709,0.71,-0.62,0.48,-0.11,-2.29,-1.70,1007.46
6.711,0.71,-0.62,0.48,-0.45,-1.24,0.03,1007.45
6.723,0.79,-0.60,0.50,-0.12,0.14,-0.14,1007.52
6.743,0.79,-0.60,0.50,-0.12,0.14,-0.14,1007.43
6.755,0.79,-0.60,0.50,0.08,1.80,1.72,1007.43
6.798,0.98,-0.73,0.57,0.08,1.80,1.72,1007.43
6.798,0.98,-0.73,0.57,0.08,1.80,1.72,1007.43
6.798,0.98,-0.73,0.57,0.08,1.80,1.72,1007.43
6.84,0.98,-0.73,0.57,0.08,1.80,1.72,1007.40
6.85,0.58,-0.63,0.64,-0.55,1.21,0.15,1007.40
6.85,0.58,-0.63,0.64,-0.55,1.21,0.15,1007.40
6.915,0.58,-0.63,0.64,-0.55,1.21,0.15,1007.44
6.915,0.58,-0.63,0.64,-0.55,1.21,0.15,1007.44
6.922,0.20,-0.62,0.61,2.77,2.83,1.45,1007.44
6.95,0.20,-0.62,0.61,-1.35,0.77,0.64,1007.44
6.954,0.20,-0.62,0.61,-1.35,0.77,0.64,1007.52
6.954,0.20,-0.62,0.61,-1.35,0.77,0.64,1007.52
7.024,0.33,-0.62,0.65,-1.35,0.77,0.64,1007.52
7.024,0.33,-0.62,0.65,-1.35,0.77,0.64,1007.52
7.03,0.33,-0.62,0.65,0.69,0.80,0.44,1007.43
7.05,0.28,-0.60,0.69,0.69,0.80,0.44,1007.43
7.05,0.28,-0.60,0.69,0.69,0.80,0.44,1007.43
7.107,0.28,-0.60,0.69,0.19,0.47,0.12,1007.43
7.107,0.28,-0.60,0.69,0.19,0.47,0.12,1007.43
7.113,0.14,-0.60,0.70,0.19,0.47,0.12,1007.44
7.113,0.14,-0.60,0.70,0.19,0.47,0.12,1007.44
7.113,0.14,-0.60,0.70,0.19,0.47,0.12,1007.44
7.218,0.14,-0.60,0.70,-0.02,-0.31,-0.21,1007.44
7.218,0.14,-0.60,0.70,-0.02,-0.31,-0.21,1007.44
7.218,0.14,-0.60,0.70,-0.02,-0.31,-0.21,1007.44
7.222,0.03,-0.55,0.66,0.07,-1.84,-0.84,1007.38
7.241,0.11,-0.54,0.78,0.07,-1.84,-0.84,1007.28
7.241,0.11,-0.54,0.78,0.07,-1.84,-0.84,1007.28
7.241,0.11,-0.54,0.78,0.07,-1.84,-0.84,1007.28
7.322,0.11,-0.54,0.78,-0.34,-0.84,0.07,1007.28
7.322,0.11,-0.54,0.78,-0.34,-0.84,0.07,1007.28
7.328,0.15,-0.73,0.75,-0.34,-0.84,0.07,1007.41
7.35,0.15,-0.73,0.75,-0.89,-1.17,-1.74,1007.41
7.35,0.15,-0.73,0.75,-0.89,-1.17,-1.74,1007.41
7.415,0.15,-0.73,0.75,-0.89,-1.17,-1.74,1007.43
7.415,0.15,-0.73,0.75,-0.89,-1.17,-1.74,1007.43
7.419,0.23,-0.57,0.66,0.75,-1.96,-1.24,1007.43
7.442,0.39,-0.65,0.58,0.75,-1.96,-1.24,1007.43
7.444,0.39,-0.65,0.58,0.75,-1.96,-1.24,1007.48
7.504,0.39,-0.65,0.58,-0.43,-2.37,-1.47,1007.48
7.504,0.39,-0.65,0.58,-0.43,-2.37,-1.47,1007.48
7.504,0.39,-0.65,0.58,-0.43,-2.37,-1.47,1007.48
7.528,0.60,-0.54,0.55,-0.43,-2.37,-1.47,1007.48
7.553,0.60,-0.54,0.55,0.60,-1.46,-0.39,1007.47
7.575,0.80,-0.61,0.49,0.60,-1.46,-0.39,1007.47
7.575,0.80,-0.61,0.49,0.60,-1.46,-0.39,1007.47
7.614,0.80,-0.61,0.49,0.60,-1.46,-0.39,1007.47
7.614,0.80,-0.61,0.49,0.60,-1.46,-0.39,1007.47
7.629,0.80,-0.61,0.49,-0.99,-0.76,0.19,1007.47
7.659,0.79,-0.58,0.51,-0.99,-0.76,0.19,1007.50
7.659,0.79,-0.58,0.51,-0.99,-0.76,0.19,1007.50
7.701,0.79,-0.58,0.51,0.08,0.23,-0.11,1007.50
7.708,0.76,-0.57,0.50,0.08,0.23,-0.11,1007.50
7.723,0.76,-0.57,0.50,0.08,0.23,-0.11,1007.43
7.75,0.76,-0.57,0.50,-0.02,0.04,-0.05,1007.43
7.75,0.76,-0.57,0.50,-0.02,0.04,-0.05,1007.43
7.798,0.78,-0.57,0.47,-0.02,0.04,-0.05,1007.43
7.798,0.78,-0.57,0.47,-0.02,0.04,-0.05,1007.43
7.817,0.78,-0.57,0.47,0.10,1.38,1.43,1007.47
7.843,0.78,-0.70,0.56,0.10,1.38,1.43,1007.47
7.843,0.78,-0.70,0.56,0.10,1.38,1.43,1007.47
7.863,0.78,-0.70,0.56,0.10,1.38,1.43,1007.45
7.863,0.78,-0.70,0.56,0.10,1.38,1.43,1007.45
7.909,0.78,-0.70,0.56,-0.43,1.86,0.87,1007.45
7.911,0.55,-0.47,0.54,-0.43,1.86,0.87,1007.45
7.933,0.55,-0.47,0.54,-0.43,1.86,0.87,1007.48
7.954,0.55,-0.47,0.54,1.90,3.31,1.47,1007.48
7.976,0.42,-0.61,0.59,1.90,3.31,1.47,1007.48
7.976,0.42,-0.61,0.59,1.90,3.31,1.47,1007.48
8.018,0.42,-0.61,0.59,1.90,3.31,1.47,1007.25
8.019,0.42,-0.61,0.59,-1.50,1.02,0.52,1007.25
8.042,0.41,-0.64,0.61,-1.50,1.02,0.52,1007.25
8.075,0.41,-0.64,0.61,-1.50,1.02,0.52,1007.38
8.087,0.41,-0.64,0.61,1.26,1.48,0.61,1007.38
8.109,0.31,-0.61,0.66,1.26,1.48,0.61,1007.38
8.109,0.31,-0.61,0.66,1.26,1.48,0.61,1007.38
8.143,0.31,-0.61,0.66,1.26,1.48,0.61,1007.49
8.143,0.31,-0.61,0.66,1.26,1.48,0.61,1007.49
8.143,0.31,-0.61,0.66,1.26,1.48,0.61,1007.49
8.198,0.31,-0.61,0.66,0.24,0.99,0.09,1007.49
8.2,0.11,-0.55,0.65,0.24,0.99,0.09,1007.49
8.219,0.11,-0.55,0.65,0.32,0.26,0.08,1007.52
8.243,0.05,-0.55,0.65,0.32,0.26,0.08,1007.52
8.243,0.05,-0.55,0.65,0.32,0.26,0.08,1007.52
8.3,0.05,-0.55,0.65,0.32,0.26,0.08,1007.42
8.3,0.05,-0.55,0.65,0.32,0.26,0.08,1007.42
8.303,0.05,-0.55,0.65,0.04,-1.22,-0.91,1007.42
8.324,0.09,-0.62,0.60,0.04,-1.22,-0.91,1007.42
8.351,0.09,-0.62,0.60,0.03,-2.09,0.55,1007.42
8.355,0.09,-0.62,0.60,0.03,-2.09,0.55,1007.42
8.401,0.12,-0.64,0.52,0.03,-2.09,0.55,1007.42
8.401,0.12,-0.64,0.52,0.03,-2.09,0.55,1007.42
8.417,0.12,-0.64,0.52,-1.82,-3.67,-2.48,1007.42
8.443,0.57,-0.85,0.42,-1.82,-3.67,-2.48,1007.48
8.443,0.57,-0.85,0.42,-1.82,-3.67,-2.48,1007.48
8.443,0.57,-0.85,0.42,-1.82,-3.67,-2.48,1007.48
8.521,0.57,-0.85,0.42,-0.52,-0.62,-1.29,1007.48
8.521,0.57,-0.85,0.42,-0.52,-0.62,-1.29,1007.48
8.527,0.52,-0.60,0.53,-0.52,-0.62,-1.29,1007.55
8.559,0.52,-0.60,0.53,0.67,-1.75,-2.07,1007.55
8.559,0.52,-0.60,0.53,0.67,-1.75,-2.07,1007.55
8.576,0.62,-0.55,0.49,0.67,-1.75,-2.07,1007.42
8.617,0.62,-0.55,0.49,-0.17,-1.30,-0.31,1007.42
8.617,0.62,-0.55,0.49,-0.17,-1.30,-0.31,1007.42
8.636,0.62,-0.55,0.49,-0.17,-1.30,-0.31,1007.51
8.643,0.78,-0.68,0.48,-0.17,-1.30,-0.31,1007.51
8.643,0.78,-0.68,0.48,-0.17,-1.30,-0.31,1007.51
8.723,0.78,-0.68,0.48,-0.95,-0.40,0.36,1007.51
8.723,0.78,-0.68,0.48,-0.95,-0.40,0.36,1007.51
8.723,0.78,-0.68,0.48,-0.95,-0.40,0.36,1007.51
8.723,0.78,-0.68,0.48,-0.95,-0.40,0.36,1007.51
8.723,0.78,-0.68,0.48,-0.95,-0.40,0.36,1007.51
8.723,0.78,-0.68,0.48,-0.95,-0.40,0.36,1007.51
8.723,0.78,-0.68,0.48,-0.95,-0.40,0.36,1007.51
8.723,0.78,-0.68,0.48,-0.95,-0.40,0.36,1007.51
8.723,0.78,-0.68,0.48,-0.95,-0.40,0.36,1007.51
8.723,0.78,-0.68,0.48,-0.95,-0.40,0.36,1007.51
8.723,0.78,-0.68,0.48,-0.95,-0.40,0.36,1007.51
9.031,0.78,-0.68,0.48,-0.95,-0.40,0.36,1007.42
9.031,0.78,-0.68,0.48,-0.95,-0.40,0.36,1007.42
9.031,0.78,-0.68,0.48,-0.95,-0.40,0.36,1007.42
9.031,0.78,-0.68,0.48,-0.95,-0.40,0.36,1007.42
9.031,0.78,-0.68,0.48,-0.95,-0.40,0.36,1007.42
9.031,0.78,-0.68,0.48,-0.95,-0.40,0.36,1007.42
9.031,0.78,-0.68,0.48,-0.95,-0.40,0.36,1007.42
9.031,0.78,-0.68,0.48,-0.95,-0.40,0.36,1007.42
9.031,0.78,-0.68,0.48,-0.95,-0.40,0.36,1007.42
9.042,0.99,-0.74,0.51,0.10,1.45,1.24,1007.38
9.054,0.40,-0.62,0.51,1.54,2.21,0.80,1007.42
9.054,0.40,-0.62,0.51,1.54,2.21,0.80,1007.42
9.116,0.40,-0.62,0.51,-0.20,0.45,0.67,1007.42
9.116,0.40,-0.62,0.51,-0.20,0.45,0.67,1007.42
9.123,0.33,-0.68,0.57,-0.20,0.45,0.67,1007.43
9.123,0.33,-0.68,0.57,-0.20,0.45,0.67,1007.43
9.176,0.33,-0.68,0.57,0.83,0.42,0.44,1007.43
9.181,0.25,-0.68,0.62,0.83,0.42,0.44,1007.43
9.197,0.25,-0.68,0.62,0.83,0.42,0.44,1007.52
9.197,0.25,-0.68,0.62,0.83,0.42,0.44,1007.52
9.263,0.25,-0.68,0.62,-0.16,-0.19,0.38,1007.52
9.263,0.25,-0.68,0.62,-0.16,-0.19,0.38,1007.52
9.265,0.22,-0.69,0.62,-0.16,-0.19,0.38,1007.45
9.286,0.22,-0.69,0.62,-0.50,-0.93,-0.23,1007.45
9.331,0.20,-0.67,0.56,-0.50,-0.93,-0.23,1007.45
9.331,0.20,-0.67,0.56,-0.50,-0.93,-0.23,1007.45
9.35,0.20,-0.67,0.56,-0.29,-1.87,-1.99,1007.47
9.35,0.20,-0.67,0.56,-0.29,-1.87,-1.99,1007.47
9.382,0.37,-0.56,0.45,-0.29,-1.87,-1.99,1007.47
9.382,0.37,-0.56,0.45,-0.29,-1.87,-1.99,1007.47
9.429,0.37,-0.56,0.45,-0.29,-1.87,-1.99,1007.47
9.432,0.37,-0.56,0.45,0.32,-2.46,-2.99,1007.47
9.446,0.60,-0.63,0.48,0.32,-2.46,-2.99,1007.47
9.473,0.60,-0.63,0.48,0.32,-2.46,-2.99,1007.43
9.473,0.60,-0.63,0.48,0.32,-2.46,-2.99,1007.43
9.525,0.60,-0.63,0.48,-0.40,-1.38,-0.45,1007.43
9.525,0.60,-0.63,0.48,-0.40,-1.38,-0.45,1007.43
9.543,0.81,-0.71,0.45,-0.40,-1.38,-0.45,1007.37
9.559,0.81,-0.71,0.45,-0.02,-0.34,0.05,1007.37
9.578,0.78,-0.62,0.45,-0.02,-0.34,0.05,1007.37
9.578,0.78,-0.62,0.45,-0.02,-0.34,0.05,1007.37
9.578,0.78,-0.62,0.45,-0.02,-0.34,0.05,1007.37
9.65,0.78,-0.62,0.45,-0.02,-0.34,0.05,1007.50
9.65,0.78,-0.62,0.45,-0.02,-0.34,0.05,1007.50
9.655,0.76,-0.60,0.45,-0.03,-0.15,-0.09,1007.50
9.709,0.76,-0.60,0.45,-0.06,0.05,-0.11,1007.50
9.709,0.76,-0.60,0.45,-0.06,0.05,-0.11,1007.50
9.713,0.75,-0.60,0.44,-0.06,0.05,-0.11,1007.37
9.75,0.75,-0.60,0.44,0.08,0.12,0.03,1007.37
9.758,0.75,-0.60,0.44,0.08,0.12,0.03,1007.35
9.778,0.78,-0.57,0.40,0.08,0.12,0.03,1007.35
9.778,0.78,-0.57,0.40,0.08,0.12,0.03,1007.35
9.778,0.78,-0.57,0.40,0.08,0.12,0.03,1007.35
9.839,0.78,-0.57,0.40,0.12,0.22,0.29,1007.35
9.841,0.78,-0.57,0.40,0.12,0.22,0.29,1007.52
9.855,1.04,-0.74,0.48,0.12,0.22,0.29,1007.52
9.884,1.04,-0.74,0.48,-0.01,4.02,2.63,1007.52
9.884,1.04,-0.74,0.48,-0.01,4.02,2.63,1007.52
9.884,1.04,-0.74,0.48,-0.01,4.02,2.63,1007.52
9.956,1.04,-0.74,0.48,-0.01,4.02,2.63,1007.41
9.956,1.04,-0.74,0.48,-0.01,4.02,2.63,1007.41
9.961,0.65,-0.62,0.49,0.20,3.32,1.15,1007.41
9.983,0.46,-0.57,0.57,0.20,3.32,1.15,1007.49
9.983,0.46,-0.57,0.57,0.20,3.32,1.15,1007.49
10.036,0.46,-0.57,0.57,0.73,1.21,0.53,1007.49
10.039,0.46,-0.57,0.57,0.73,1.21,0.53,1007.44
10.053,0.41,-0.62,0.67,0.73,1.21,0.53,1007.44
10.083,0.41,-0.62,0.67,0.49,0.92,0.54,1007.44
10.083,0.41,-0.62,0.67,0.49,0.92,0.54,1007.44
10.083,0.41,-0.62,0.67,0.49,0.92,0.54,1007.44
10.147,0.41,-0.62,0.67,0.49,0.92,0.54,1007.36
10.147,0.41,-0.62,0.67,0.49,0.92,0.54,1007.36
10.152,0.38,-0.61,0.66,0.22,0.79,0.47,1007.36
10.182,0.38,-0.61,0.66,0.22,0.79,0.47,1007.37
10.185,0.26,-0.61,0.72,0.22,0.79,0.47,1007.37
10.235,0.26,-0.61,0.72,0.04,0.20,0.04,1007.37
10.235,0.26,-0.61,0.72,0.04,0.20,0.04,1007.37
10.256,0.11,-0.59,0.69,0.04,0.20,0.04,1007.37
10.259,0.11,-0.59,0.69,0.04,0.20,0.04,1007.34
10.283,0.11,-0.59,0.69,0.03,-1.29,-1.17,1007.34
10.283,0.11,-0.59,0.69,0.03,-1.29,-1.17,1007.34
10.339,-0.02,-0.49,0.56,0.03,-1.29,-1.17,1007.34
10.341,-0.02,-0.49,0.56,0.03,-1.29,-1.17,1007.39
10.357,-0.02,-0.49,0.56,0.36,-3.43,-2.84,1007.39
10.379,0.57,-0.58,0.73,0.36,-3.43,-2.84,1007.39
10.388,0.57,-0.58,0.73,0.36,-3.43,-2.84,1007.44
10.388,0.57,-0.58,0.73,0.36,-3.43,-2.84,1007.44
10.463,0.57,-0.58,0.73,-0.41,-0.75,1.83,1007.44
10.463,0.57,-0.58,0.73,-0.41,-0.75,1.83,1007.44
10.466,0.52,-0.72,0.51,-0.41,-0.75,1.83,1007.44
10.492,0.52,-0.72,0.51,-1.50,-1.66,-0.54,1007.37
10.492,0.52,-0.72,0.51,-1.50,-1.66,-0.54,1007.37
10.514,0.55,-0.63,0.52,-1.50,-1.66,-0.54,1007.37
10.561,0.55,-0.63,0.52,-1.50,-1.66,-0.54,1007.32
10.561,0.55,-0.63,0.52,-1.50,-1.66,-0.54,1007.32
10.579,0.59,-0.60,0.50,0.83,-0.57,-0.80,1007.32
10.579,0.59,-0.60,0.50,0.83,-0.57,-0.80,1007.32
10.621,0.59,-0.60,0.50,0.83,-0.57,-0.80,1007.38
10.623,0.59,-0.60,0.50,-0.81,-1.54,-1.14,1007.38
10.646,0.74,-0.60,0.43,-0.81,-1.54,-1.14,1007.38
10.672,0.74,-0.60,0.43,-0.81,-1.54,-1.14,1007.40
10.672,0.74,-0.60,0.43,-0.81,-1.54,-1.14,1007.40
10.69,0.74,-0.60,0.43,0.55,-0.55,0.01,1007.40
10.739,0.79,-0.61,0.45,0.55,-0.55,0.01,1007.40
10.739,0.79,-0.61,0.45,0.55,-0.55,0.01,1007.40
10.755,0.79,-0.61,0.45,-0.18,-0.34,0.07,1007.46
10.78,0.77,-0.57,0.44,-0.18,-0.34,0.07,1007.46
10.78,0.77,-0.57,0.44,-0.18,-0.34,0.07,1007.46
10.78,0.77,-0.57,0.44,-0.18,-0.34,0.07,1007.46
10.845,0.77,-0.57,0.44,-0.18,-0.34,0.07,1007.31
10.845,0.77,-0.57,0.44,-0.18,-0.34,0.07,1007.31
10.85,0.75,-0.58,0.44,0.55,-0.05,-0.02,1007.31
10.878,0.75,-0.58,0.44,0.55,-0.05,-0.02,1007.31
10.878,0.75,-0.58,0.44,0.55,-0.05,-0.02,1007.31
10.939,0.75,-0.58,0.44,0.02,0.16,0.02,1007.31
10.939,0.75,-0.58,0.44,0.02,0.16,0.02,1007.31
10.942,1.01,-0.70,0.51,0.02,0.16,0.02,1007.31
10.962,1.01,-0.70,0.51,0.02,0.16,0.02,1007.47
10.962,1.01,-0.70,0.51,0.02,0.16,0.02,1007.47
10.962,1.01,-0.70,0.51,0.02,0.16,0.02,1007.47
10.962,1.01,-0.70,0.51,0.02,0.16,0.02,1007.47
10.962,1.01,-0.70,0.51,0.02,0.16,0.02,1007.47
10.962,1.01,-0.70,0.51,0.02,0.16,0.02,1007.47
10.962,1.01,-0.70,0.51,0.02,0.16,0.02,1007.47
10.962,1.01,-0.70,0.51,0.02,0.16,0.02,1007.47
11.22,1.01,-0.70,0.51,0.20,3.46,2.80,1007.47
11.22,1.01,-0.70,0.51,0.20,3.46,2.80,1007.47
11.22,1.01,-0.70,0.51,0.20,3.46,2.80,1007.47
11.22,1.01,-0.70,0.51,0.20,3.46,2.80,1007.47
11.22,1.01,-0.70,0.51,0.20,3.46,2.80,1007.47
11.22,1.01,-0.70,0.51,0.20,3.46,2.80,1007.47
11.22,1.01,-0.70,0.51,0.20,3.46,2.80,1007.47
11.232,0.31,-0.63,0.63,0.57,0.95,0.24,1007.43
11.247,0.24,-0.63,0.68,0.57,0.95,0.24,1007.43
11.247,0.24,-0.63,0.68,0.57,0.95,0.24,1007.43
11.305,0.24,-0.63,0.68,-0.07,0.29,-0.18,1007.43
11.305,0.24,-0.63,0.68,-0.07,0.29,-0.18,1007.43
11.321,0.13,-0.59,0.65,-0.07,0.29,-0.18,1007.48
11.321,0.13,-0.59,0.65,-0.07,0.29,-0.18,1007.48
11.321,0.13,-0.59,0.65,-0.07,0.29,-0.18,1007.48
11.408,0.13,-0.59,0.65,0.09,-1.12,-0.39,1007.48
11.408,0.13,-0.59,0.65,0.09,-1.12,-0.39,1007.48
11.411,0.13,-0.59,0.65,0.09,-1.12,-0.39,1007.44
11.424,0.09,-0.56,0.53,-0.29,-3.28,-1.59,1007.44
11.438,0.09,-0.56,0.53,-0.29,-3.28,-1.59,1007.35
11.483,0.27,-0.62,0.62,-0.29,-3.28,-1.59,1007.35
11.483,0.27,-0.62,0.62,-0.29,-3.28,-1.59,1007.35
11.508,0.27,-0.62,0.62,-0.88,0.70,2.27,1007.40
11.508,0.27,-0.62,0.62,-0.88,0.70,2.27,1007.40
11.508,0.27,-0.62,0.62,-0.88,0.70,2.27,1007.40
11.564,0.34,-0.81,0.65,-0.88,0.70,2.27,1007.40
11.565,0.34,-0.81,0.65,-1.91,-1.43,-1.65,1007.40
11.589,0.55,-0.54,0.50,-1.91,-1.43,-1.65,1007.40
11.589,0.55,-0.54,0.50,-1.91,-1.43,-1.65,1007.40
11.626,0.55,-0.54,0.50,1.38,-1.63,-2.26,1007.40
11.647,0.66,-0.56,0.47,1.38,-1.63,-2.26,1007.40
11.649,0.66,-0.56,0.47,1.38,-1.63,-2.26,1007.41
11.684,0.66,-0.56,0.47,-0.41,-1.39,-0.35,1007.41
11.684,0.66,-0.56,0.47,-0.41,-1.39,-0.35,1007.41
11.684,0.66,-0.56,0.47,-0.41,-1.39,-0.35,1007.41
11.772,0.83,-0.64,0.44,-0.41,-1.39,-0.35,1007.41
11.772,0.83,-0.64,0.44,-0.41,-1.39,-0.35,1007.41
11.772,0.83,-0.64,0.44,-0.41,-1.39,-0.35,1007.41
11.789,0.79,-0.58,0.42,-0.08,-0.12,0.15,1007.47
11.79,0.79,-0.58,0.42,-0.08,-0.12,0.15,1007.46
11.841,0.79,-0.58,0.42,-0.17,-0.04,-0.17,1007.46
11.841,0.79,-0.58,0.42,-0.17,-0.04,-0.17,1007.46
11.853,0.76,-0.57,0.43,-0.17,-0.04,-0.17,1007.46
11.883,0.76,-0.57,0.43,-0.02,0.04,-0.10,1007.47
11.883,0.76,-0.57,0.43,-0.02,0.04,-0.10,1007.47
11.883,0.76,-0.57,0.43,-0.02,0.04,-0.10,1007.47
11.937,0.80,-0.62,0.44,-0.02,0.04,-0.10,1007.47
11.94,0.80,-0.62,0.44,-0.02,0.04,-0.10,1007.43
11.954,0.80,-0.62,0.44,-0.10,1.05,0.80,1007.43
11.954,0.80,-0.62,0.44,-0.10,1.05,0.80,1007.43
12.02,1.05,-0.81,0.52,-0.10,1.05,0.80,1007.43
12.02,1.05,-0.81,0.52,-0.10,1.05,0.80,1007.43
12.024,1.05,-0.81,0.52,0.03,2.62,1.42,1007.36
12.048,0.52,-0.46,0.45,0.03,2.62,1.42,1007.36
12.078,0.52,-0.46,0.45,0.03,2.62,1.42,1007.46
12.078,0.52,-0.46,0.45,0.03,2.62,1.42,1007.46
12.098,0.52,-0.46,0.45,1.88,3.38,1.84,1007.46
12.098,0.52,-0.46,0.45,1.88,3.38,1.84,1007.46
12.153,0.54,-0.61,0.61,1.88,3.38,1.84,1007.46
12.156,0.54,-0.61,0.61,-1.03,0.61,0.46,1007.47
12.156,0.54,-0.61,0.61,-1.03,0.61,0.46,1007.47
12.207,0.40,-0.58,0.61,-1.03,0.61,0.46,1007.47
12.209,0.40,-0.58,0.61,-1.03,0.61,0.46,1007.44
12.219,0.40,-0.58,0.61,1.24,1.13,0.58,1007.44
12.248,0.30,-0.66,0.61,1.24,1.13,0.58,1007.44
12.278,0.30,-0.66,0.61,1.24,1.13,0.58,1007.34
12.278,0.30,-0.66,0.61,1.24,1.13,0.58,1007.34
12.29,0.30,-0.66,0.61,-0.27,0.24,0.18,1007.34
12.336,0.25,-0.66,0.61,-0.27,0.24,0.18,1007.34
12.336,0.25,-0.66,0.61,-0.27,0.24,0.18,1007.34
12.351,0.25,-0.66,0.61,-0.11,-0.49,-0.08,1007.38
12.351,0.25,-0.66,0.61,-0.11,-0.49,-0.08,1007.38
12.418,0.18,-0.64,0.63,-0.11,-0.49,-0.08,1007.38
12.418,0.18,-0.64,0.63,-0.11,-0.49,-0.08,1007.38
12.422,0.18,-0.64,0.63,-0.18,-1.84,-0.93,1007.40
12.449,0.30,-0.55,0.59,-0.18,-1.84,-0.93,1007.40
12.449,0.30,-0.55,0.59,-0.18,-1.84,-0.93,1007.40
12.484,0.30,-0.55,0.59,-0.22,-2.87,-1.64,1007.40
12.488,0.30,-0.55,0.59,-0.22,-2.87,-1.64,1007.36
12.488,0.30,-0.55,0.59,-0.22,-2.87,-1.64,1007.36
12.568,0.62,-0.81,0.51,-0.22,-2.87,-1.64,1007.36
12.568,0.62,-0.81,0.51,-0.22,-2.87,-1.64,1007.36
12.568,0.62,-0.81,0.51,-0.22,-2.87,-1.64,1007.36
12.582,0.61,-0.62,0.50,-1.56,-1.61,-1.07,1007.45
12.582,0.61,-0.62,0.50,-1.56,-1.61,-1.07,1007.45
12.634,0.61,-0.62,0.50,1.53,-1.25,-1.28,1007.45
12.636,0.61,-0.62,0.50,1.53,-1.25,-1.28,1007.39
12.656,0.73,-0.58,0.45,1.53,-1.25,-1.28,1007.39
12.684,0.73,-0.58,0.45,-0.55,-1.18,-0.30,1007.39
12.684,0.73,-0.58,0.45,-0.55,-1.18,-0.30,1007.39
12.684,0.73,-0.58,0.45,-0.55,-1.18,-0.30,1007.39
12.751,0.73,-0.58,0.45,-0.55,-1.18,-0.30,1007.41
12.751,0.73,-0.58,0.45,-0.55,-1.18,-0.30,1007.41
12.755,0.78,-0.64,0.43,-0.44,-0.34,0.08,1007.41
12.788,0.81,-0.59,0.45,-0.44,-0.34,0.08,1007.38
12.788,0.81,-0.59,0.45,-0.44,-0.34,0.08,1007.38
12.836,0.81,-0.59,0.45,0.09,0.09,-0.05,1007.38
12.836,0.81,-0.59,0.45,0.09,0.09,-0.05,1007.38
12.853,0.77,-0.57,0.43,0.09,0.09,-0.05,1007.38
12.884,0.77,-0.57,0.43,0.08,0.21,-0.00,1007.38
12.884,0.77,-0.57,0.43,0.08,0.21,-0.00,1007.38
12.884,0.77,-0.57,0.43,0.08,0.21,-0.00,1007.38
12.943,0.77,-0.57,0.43,0.08,0.21,-0.00,1007.47
12.943,0.77,-0.57,0.43,0.08,0.21,-0.00,1007.47
12.963,0.79,-0.58,0.39,0.05,0.42,0.41,1007.47
12.98,0.79,-0.58,0.39,0.05,0.42,0.41,1007.49
12.984,0.87,-0.62,0.39,0.05,0.42,0.41,1007.49
13.035,0.87,-0.62,0.39,0.07,2.03,1.55,1007.49
13.035,0.87,-0.62,0.39,0.07,2.03,1.55,1007.49
13.054,0.87,-0.62,0.39,0.07,2.03,1.55,1007.44
13.055,0.71,-0.58,0.43,0.07,2.03,1.55,1007.44
13.084,0.71,-0.58,0.43,0.17,2.12,0.71,1007.44
13.084,0.71,-0.58,0.43,0.17,2.12,0.71,1007.44
13.142,0.50,-0.58,0.55,0.17,2.12,0.71,1007.44
13.142,0.50,-0.58,0.55,0.17,2.12,0.71,1007.44
13.16,0.50,-0.58,0.55,0.86,1.66,1.20,1007.50
13.183,0.42,-0.64,0.56,0.86,1.66,1.20,1007.50
13.188,0.42,-0.64,0.56,0.86,1.66,1.20,1007.35
13.188,0.42,-0.64,0.56,0.86,1.66,1.20,1007.35
13.188,0.42,-0.64,0.56,0.86,1.66,1.20,1007.35
13.188,0.42,-0.64,0.56,0.86,1.66,1.20,1007.35
13.188,0.42,-0.64,0.56,0.86,1.66,1.20,1007.35
13.188,0.42,-0.64,0.56,0.86,1.66,1.20,1007.35
13.188,0.42,-0.64,0.56,0.86,1.66,1.20,1007.35
13.188,0.42,-0.64,0.56,0.86,1.66,1.20,1007.35
13.475,0.42,-0.64,0.56,-0.35,0.77,0.60,1007.35
13.475,0.42,-0.64,0.56,-0.35,0.77,0.60,1007.35
13.475,0.42,-0.64,0.56,-0.35,0.77,0.60,1007.35
13.475,0.42,-0.64,0.56,-0.35,0.77,0.60,1007.35
13.475,0.42,-0.64,0.56,-0.35,0.77,0.60,1007.35
13.475,0.42,-0.64,0.56,-0.35,0.77,0.60,1007.35
13.475,0.42,-0.64,0.56,-0.35,0.77,0.60,1007.35
13.475,0.42,-0.64,0.56,-0.35,0.77,0.60,1007.35
13.475,0.42,-0.64,0.56,-0.35,0.77,0.60,1007.35
13.49,0.13,-0.57,0.58,-0.35,-2.35,-0.35,1007.57
13.526,0.35,-0.79,0.60,-0.35,-2.35,-0.35,1007.57
13.526,0.35,-0.79,0.60,-0.35,-2.35,-0.35,1007.57
13.538,0.35,-0.79,0.60,-0.35,-2.35,-0.35,1007.45
13.581,0.35,-0.79,0.60,-1.62,-1.39,-0.85,1007.45
13.581,0.35,-0.79,0.60,-1.62,-1.39,-0.85,1007.45
13.593,0.63,-0.67,0.81,-1.62,-1.39,-0.85,1007.45
13.608,0.63,-0.67,0.81,-1.62,-1.39,-0.85,1007.51
13.648,0.63,-0.67,0.81,0.74,-0.79,-0.06,1007.51
13.648,0.63,-0.67,0.81,0.74,-0.79,-0.06,1007.51
13.678,0.56,-0.80,0.46,0.74,-0.79,-0.06,1007.46
13.689,0.56,-0.80,0.46,-2.19,-1.79,-1.22,1007.46
13.689,0.56,-0.80,0.46,-2.19,-1.79,-1.22,1007.46
13.743,0.51,-0.60,0.45,-2.19,-1.79,-1.22,1007.46
13.743,0.51,-0.60,0.45,-2.19,-1.79,-1.22,1007.46
13.757,0.51,-0.60,0.45,1.62,-1.67,-2.05,1007.45
13.784,0.74,-0.60,0.42,1.62,-1.67,-2.05,1007.45
13.784,0.74,-0.60,0.42,1.62,-1.67,-2.05,1007.45
13.837,0.74,-0.60,0.42,-0.17,-1.29,-0.66,1007.45
13.837,0.74,-0.60,0.42,-0.17,-1.29,-0.66,1007.45
13.854,0.85,-0.67,0.39,-0.17,-1.29,-0.66,1007.51
13.854,0.85,-0.67,0.39,-0.17,-1.29,-0.66,1007.51
13.854,0.85,-0.67,0.39,-0.17,-1.29,-0.66,1007.51
13.915,0.85,-0.67,0.39,-0.51,-0.16,0.11,1007.51
13.918,0.81,-0.59,0.41,-0.51,-0.16,0.11,1007.56
13.95,0.81,-0.59,0.41,0.23,0.00,-0.08,1007.56
13.958,0.81,-0.59,0.41,0.23,0.00,-0.08,1007.40
13.984,0.76,-0.57,0.41,0.23,0.00,-0.08,1007.40
13.984,0.76,-0.57,0.41,0.23,0.00,-0.08,1007.40
13.984,0.76,-0.57,0.41,0.23,0.00,-0.08,1007.40
14.036,0.76,-0.57,0.41,-0.09,-0.09,0.10,1007.40
14.038,0.76,-0.57,0.41,-0.09,-0.09,0.10,1007.44
14.052,0.95,-0.68,0.49,-0.09,-0.09,0.10,1007.44
14.052,0.95,-0.68,0.49,-0.09,-0.09,0.10,1007.44
14.125,0.95,-0.68,0.49,-0.18,3.66,1.90,1007.44
14.125,0.95,-0.68,0.49,-0.18,3.66,1.90,1007.44
14.13,0.52,-0.44,0.51,-0.18,3.66,1.90,1007.46
14.15,0.52,-0.44,0.51,1.70,3.30,1.24,1007.46
14.179,0.52,-0.44,0.51,1.70,3.30,1.24,1007.52
14.179,0.52,-0.44,0.51,1.70,3.30,1.24,1007.52
14.198,0.38,-0.59,0.47,1.70,3.30,1.24,1007.52
14.218,0.38,-0.59,0.47,-1.62,-0.25,0.64,1007.52
14.218,0.38,-0.59,0.47,-1.62,-0.25,0.64,1007.52
14.273,0.38,-0.59,0.47,-1.62,-0.25,0.64,1007.46
14.275,0.49,-0.60,0.55,-1.62,-0.25,0.64,1007.46
14.285,0.49,-0.60,0.55,0.86,0.70,0.70,1007.46
14.308,0.49,-0.60,0.55,0.86,0.70,0.70,1007.66
14.308,0.49,-0.60,0.55,0.86,0.70,0.70,1007.66
14.354,0.47,-0.66,0.57,0.86,0.70,0.70,1007.66
14.356,0.47,-0.66,0.57,-0.17,0.83,0.50,1007.66
14.378,0.47,-0.66,0.57,-0.17,0.83,0.50,1007.50
14.418,0.39,-0.67,0.62,-0.17,0.83,0.50,1007.50
14.418,0.39,-0.67,0.62,-0.17,0.83,0.50,1007.50
14.448,0.39,-0.67,0.62,-0.04,0.34,0.14,1007.45
14.451,0.26,-0.65,0.67,-0.04,0.34,0.14,1007.45
14.484,0.26,-0.65,0.67,0.10,0.11,0.19,1007.45
14.484,0.26,-0.65,0.67,0.10,0.11,0.19,1007.45
14.484,0.26,-0.65,0.67,0.10,0.11,0.19,1007.45
14.56,0.26,-0.65,0.67,0.10,0.11,0.19,1007.48
14.56,0.26,-0.65,0.67,0.10,0.11,0.19,1007.48
14.56,0.26,-0.65,0.67,0.10,0.11,0.19,1007.48
14.585,0.18,-0.54,0.56,0.02,-0.43,-0.80,1007.48
14.589,0.18,-0.54,0.56,0.02,-0.43,-0.80,1007.51
14.638,0.18,-0.54,0.56,0.09,-2.27,-0.99,1007.51
14.638,0.18,-0.54,0.56,0.09,-2.27,-0.99,1007.51
14.638,0.18,-0.54,0.56,0.09,-2.27,-0.99,1007.51
14.667,0.50,-0.79,0.53,0.09,-2.27,-0.99,1007.42
14.684,0.50,-0.79,0.53,-1.31,-1.06,-0.94,1007.42
14.684,0.50,-0.79,0.53,-1.31,-1.06,-0.94,1007.42
14.725,0.51,-0.69,0.51,-1.31,-1.06,-0.94,1007.42
14.735,0.51,-0.69,0.51,-1.31,-1.06,-0.94,1007.51
14.753,0.51,-0.69,0.51,1.21,-1.10,-2.28,1007.51
14.785,0.63,-0.51,0.54,1.21,-1.10,-2.28,1007.51
14.785,0.63,-0.51,0.54,1.21,-1.10,-2.28,1007.51
14.785,0.63,-0.51,0.54,1.21,-1.10,-2.28,1007.51
14.838,0.63,-0.51,0.54,1.21,-1.10,-2.28,1007.44
14.84,0.63,-0.51,0.54,0.71,-1.44,-1.16,1007.44
14.868,0.73,-0.59,0.46,0.71,-1.44,-1.16,1007.41
14.884,0.73,-0.59,0.46,-0.48,-1.23,0.09,1007.41
14.884,0.73,-0.59,0.46,-0.48,-1.23,0.09,1007.41
14.943,0.78,-0.60,0.45,-0.48,-1.23,0.09,1007.41
14.943,0.78,-0.60,0.45,-0.48,-1.23,0.09,1007.41
14.946,0.78,-0.60,0.45,-0.48,-1.23,0.09,1007.45
14.959,0.78,-0.60,0.45,-0.31,-0.60,0.27,1007.45
14.986,0.81,-0.56,0.45,-0.31,-0.60,0.27,1007.45
14.986,0.81,-0.56,0.45,-0.31,-0.60,0.27,1007.45
14.986,0.81,-0.56,0.45,-0.31,-0.60,0.27,1007.45
15.067,0.81,-0.56,0.45,-0.31,-0.60,0.27,1007.44
15.067,0.81,-0.56,0.45,-0.31,-0.60,0.27,1007.44
15.071,0.77,-0.57,0.46,-0.17,-0.05,-0.16,1007.44
15.09,0.77,-0.57,0.46,0.02,0.15,0.08,1007.44
15.09,0.77,-0.57,0.46,0.02,0.15,0.08,1007.44
15.141,0.91,-0.65,0.55,0.02,0.15,0.08,1007.44
15.154,0.91,-0.65,0.55,0.02,0.15,0.08,1007.54
15.156,0.91,-0.65,0.55,0.05,3.38,2.07,1007.54
15.186,0.76,-0.68,0.54,0.05,3.38,2.07,1007.54
15.186,0.76,-0.68,0.54,0.05,3.38,2.07,1007.54
15.249,0.76,-0.68,0.54,0.10,2.17,0.45,1007.54
15.249,0.76,-0.68,0.54,0.10,2.17,0.45,1007.54
15.254,0.46,-0.59,0.62,0.10,2.17,0.45,1007.50
15.254,0.46,-0.59,0.62,0.10,2.17,0.45,1007.50
15.326,0.46,-0.59,0.62,0.97,1.55,1.11,1007.50
15.326,0.46,-0.59,0.62,0.97,1.55,1.11,1007.50
15.326,0.46,-0.59,0.62,0.97,1.55,1.11,1007.50
15.35,0.34,-0.59,0.54,0.04,0.85,0.49,1007.60
15.358,0.34,-0.59,0.54,0.04,0.85,0.49,1007.54
15.386,0.36,-0.62,0.59,0.04,0.85,0.49,1007.54
15.386,0.36,-0.62,0.59,0.04,0.85,0.49,1007.54
15.386,0.36,-0.62,0.59,0.04,0.85,0.49,1007.54
15.471,0.36,-0.62,0.59,0.25,0.66,0.28,1007.54
15.471,0.36,-0.62,0.59,0.25,0.66,0.28,1007.54
15.471,0.36,-0.62,0.59,0.25,0.66,0.28,1007.54
15.477,0.30,-0.62,0.66,0.25,0.66,0.28,1007.47
15.477,0.30,-0.62,0.66,0.25,0.66,0.28,1007.47
15.477,0.30,-0.62,0.66,0.25,0.66,0.28,1007.47
15.477,0.30,-0.62,0.66,0.25,0.66,0.28,1007.47
15.477,0.30,-0.62,0.66,0.25,0.66,0.28,1007.47
15.477,0.30,-0.62,0.66,0.25,0.66,0.28,1007.47
15.477,0.30,-0.62,0.66,0.25,0.66,0.28,1007.47
15.74,0.30,-0.62,0.66,0.36,0.38,0.12,1007.47
15.74,0.30,-0.62,0.66,0.36,0.38,0.12,1007.47
15.74,0.30,-0.62,0.66,0.36,0.38,0.12,1007.47
15.74,0.30,-0.62,0.66,0.36,0.38,0.12,1007.47
15.74,0.30,-0.62,0.66,0.36,0.38,0.12,1007.47
15.74,0.30,-0.62,0.66,0.36,0.38,0.12,1007.47
15.74,0.30,-0.62,0.66,0.36,0.38,0.12,1007.47
15.74,0.30,-0.62,0.66,0.36,0.38,0.12,1007.47
15.751,0.65,-0.59,0.52,-0.25,-3.49,-2.03,1007.48
15.778,0.65,-0.59,0.52,-0.75,-2.56,-1.14,1007.47
15.778,0.65,-0.59,0.52,-0.75,-2.56,-1.14,1007.47
15.778,0.65,-0.59,0.52,-0.75,-2.56,-1.14,1007.47
15.836,0.80,-0.59,0.48,-0.75,-2.56,-1.14,1007.47
15.838,0.80,-0.59,0.48,-0.17,-0.67,0.23,1007.47
15.854,0.85,-0.60,0.47,-0.17,-0.67,0.23,1007.47
15.854,0.85,-0.60,0.47,-0.17,-0.67,0.23,1007.47
15.903,0.85,-0.60,0.47,-0.43,-0.10,-0.03,1007.47
15.918,0.85,-0.60,0.47,-0.43,-0.10,-0.03,1007.45
15.921,0.79,-0.53,0.44,-0.43,-0.10,-0.03,1007.45
15.972,0.79,-0.53,0.44,0.25,0.14,-0.23,1007.45
15.972,0.79,-0.53,0.44,0.25,0.14,-0.23,1007.45
15.987,0.76,-0.57,0.43,0.25,0.14,-0.23,1007.45
15.988,0.76,-0.57,0.43,0.25,0.14,-0.23,1007.50
16.03,0.76,-0.57,0.43,-0.07,0.01,0.05,1007.50
16.03,0.76,-0.57,0.43,-0.07,0.01,0.05,1007.50
16.054,0.77,-0.57,0.42,-0.07,0.01,0.05,1007.50
16.084,0.77,-0.57,0.42,0.11,0.12,0.04,1007.50
16.084,0.77,-0.57,0.42,0.11,0.12,0.04,1007.50
16.084,0.77,-0.57,0.42,0.11,0.12,0.04,1007.50
16.159,0.82,-0.56,0.40,0.11,0.12,0.04,1007.50
16.159,0.82,-0.56,0.40,0.11,0.12,0.04,1007.50
16.162,0.82,-0.56,0.40,0.11,0.12,0.04,1007.50
16.179,0.82,-0.56,0.40,0.08,1.30,0.56,1007.50
16.198,0.99,-0.64,0.57,0.08,1.30,0.56,1007.50
16.219,0.99,-0.64,0.57,0.13,3.42,2.29,1007.52
16.219,0.99,-0.64,0.57,0.13,3.42,2.29,1007.52
16.277,0.58,-0.49,0.37,0.13,3.42,2.29,1007.52
16.277,0.58,-0.49,0.37,0.13,3.42,2.29,1007.52
16.289,0.58,-0.49,0.37,-0.13,3.31,1.86,1007.57
16.289,0.58,-0.49,0.37,-0.13,3.31,1.86,1007.57
16.347,0.46,-0.54,0.60,-0.13,3.31,1.86,1007.57
16.347,0.46,-0.54,0.60,-0.13,3.31,1.86,1007.57
16.35,0.46,-0.54,0.60,0.15,1.63,0.54,1007.48
16.388,0.38,-0.66,0.64,0.15,1.63,0.54,1007.48
16.388,0.38,-0.66,0.64,0.15,1.63,0.54,1007.48
16.388,0.38,-0.66,0.64,0.15,1.63,0.54,1007.48
16.455,0.38,-0.66,0.64,0.15,1.63,0.54,1007.48
16.455,0.38,-0.66,0.64,0.15,1.63,0.54,1007.48
16.459,0.29,-0.59,0.65,0.32,1.30,0.53,1007.48
16.478,0.29,-0.59,0.65,0.32,1.30,0.53,1007.56
16.498,0.29,-0.59,0.65,0.41,0.81,0.36,1007.56
16.498,0.29,-0.59,0.65,0.41,0.81,0.36,1007.56
16.547,0.19,-0.57,0.65,0.41,0.81,0.36,1007.56
16.55,0.19,-0.57,0.65,-0.24,-0.12,0.03,1007.50
16.588,0.09,-0.53,0.62,-0.24,-0.12,0.03,1007.50
16.588,0.09,-0.53,0.62,-0.24,-0.12,0.03,1007.50
16.588,0.09,-0.53,0.62,-0.24,-0.12,0.03,1007.50
16.647,0.09,-0.53,0.62,-0.11,-2.22,-0.85,1007.50
16.647,0.09,-0.53,0.62,-0.11,-2.22,-0.85,1007.50
16.664,0.30,-0.64,0.59,-0.11,-2.22,-0.85,1007.47
16.684,0.30,-0.64,0.59,-0.31,-2.23,-0.06,1007.47
16.688,0.30,-0.64,0.59,-0.31,-2.23,-0.06,1007.83
16.688,0.30,-0.64,0.59,-0.31,-2.23,-0.06,1007.83
16.751,0.32,-0.65,0.55,-0.31,-2.23,-0.06,1007.83
16.751,0.32,-0.65,0.55,-0.31,-2.23,-0.06,1007.83
16.771,0.32,-0.65,0.55,-1.77,-2.89,-2.62,1007.53
16.789,0.68,-0.56,0.52,-1.77,-2.89,-2.62,1007.53
16.789,0.68,-0.56,0.52,-1.77,-2.89,-2.62,1007.53
16.832,0.68,-0.56,0.52,0.51,-1.92,-1.52,1007.53
16.833,0.68,-0.56,0.52,0.51,-1.92,-1.52,1007.48
16.855,0.89,-0.67,0.47,0.51,-1.92,-1.52,1007.48
16.884,0.89,-0.67,0.47,-0.73,-0.37,0.19,1007.48
16.884,0.89,-0.67,0.47,-0.73,-0.37,0.19,1007.48
16.932,0.89,-0.67,0.47,-0.73,-0.37,0.19,1007.54
16.932,0.89,-0.67,0.47,-0.73,-0.37,0.19,1007.54
16.95,0.85,-0.61,0.47,0.19,0.11,-0.07,1007.54
16.973,0.85,-0.61,0.47,0.19,0.11,-0.07,1007.42
16.989,0.76,-0.56,0.44,0.19,0.11,-0.07,1007.42
16.989,0.76,-0.56,0.44,0.19,0.11,-0.07,1007.42
16.989,0.76,-0.56,0.44,0.19,0.11,-0.07,1007.42
17.05,0.76,-0.56,0.44,-0.17,-0.09,-0.08,1007.42
17.052,0.76,-0.56,0.44,-0.17,-0.09,-0.08,1007.50
17.084,0.74,-0.58,0.43,0.02,0.10,0.04,1007.50
17.084,0.74,-0.58,0.43,0.02,0.10,0.04,1007.50
17.084,0.74,-0.58,0.43,0.02,0.10,0.04,1007.50
17.152,0.74,-0.58,0.43,0.02,0.10,0.04,1007.50
17.152,0.74,-0.58,0.43,0.02,0.10,0.04,1007.50
17.158,0.82,-0.61,0.41,0.03,2.37,1.29,1007.50
17.181,0.82,-0.61,0.41,0.03,2.37,1.29,1007.53
17.204,0.90,-0.79,0.57,0.03,2.37,1.29,1007.53
17.204,0.90,-0.79,0.57,0.03,2.37,1.29,1007.53
17.228,0.90,-0.79,0.57,0.10,1.94,0.30,1007.53
17.228,0.90,-0.79,0.57,0.10,1.94,0.30,1007.53
17.286,0.90,-0.79,0.57,0.10,1.94,0.30,1007.57
17.286,0.90,-0.79,0.57,0.10,1.94,0.30,1007.57
17.288,0.54,-0.57,0.48,2.50,2.31,1.16,1007.57
17.349,0.54,-0.57,0.48,2.50,2.31,1.16,1007.51
17.349,0.54,-0.57,0.48,2.50,2.31,1.16,1007.51
17.353,0.42,-0.55,0.51,-0.47,1.51,0.92,1007.51
17.388,0.42,-0.55,0.51,-0.47,1.51,0.92,1007.52
17.39,0.33,-0.50,0.60,-0.47,1.51,0.92,1007.52
17.39,0.33,-0.50,0.60,-0.47,1.51,0.92,1007.52
17.449,0.33,-0.50,0.60,0.19,1.26,0.52,1007.52
17.449,0.33,-0.50,0.60,0.19,1.26,0.52,1007.52
17.466,0.29,-0.61,0.68,0.19,1.26,0.52,1007.52
17.485,0.29,-0.61,0.68,-0.10,0.45,0.07,1007.43
17.485,0.29,-0.61,0.68,-0.10,0.45,0.07,1007.43
17.539,0.11,-0.57,0.69,-0.10,0.45,0.07,1007.43
17.539,0.11,-0.57,0.69,-0.10,0.45,0.07,1007.43
17.554,0.11,-0.57,0.69,0.09,-0.58,0.19,1007.49
17.554,0.11,-0.57,0.69,0.09,-0.58,0.19,1007.49
17.589,0.07,-0.56,0.73,0.09,-0.58,0.19,1007.49
17.589,0.07,-0.56,0.73,0.09,-0.58,0.19,1007.49
17.644,0.07,-0.56,0.73,0.09,-0.58,0.19,1007.42
17.644,0.07,-0.56,0.73,0.09,-0.58,0.19,1007.42
17.663,0.22,-0.70,0.68,-0.36,-2.30,0.60,1007.42
17.679,0.22,-0.70,0.68,-0.36,-2.30,0.60,1007.52
17.696,0.22,-0.70,0.68,-1.45,-1.44,-0.21,1007.52
17.696,0.22,-0.70,0.68,-1.45,-1.44,-0.21,1007.52
17.74,0.31,-0.73,0.62,-1.45,-1.44,-0.21,1007.52
17.74,0.31,-0.73,0.62,-1.45,-1.44,-0.21,1007.52
17.74,0.31,-0.73,0.62,-1.45,-1.44,-0.21,1007.52
17.74,0.31,-0.73,0.62,-1.45,-1.44,-0.21,1007.52
17.74,0.31,-0.73,0.62,-1.45,-1.44,-0.21,1007.52
17.74,0.31,-0.73,0.62,-1.45,-1.44,-0.21,1007.52
17.74,0.31,-0.73,0.62,-1.45,-1.44,-0.21,1007.52
17.74,0.31,-0.73,0.62,-1.45,-1.44,-0.21,1007.52
17.74,0.31,-0.73,0.62,-1.45,-1.44,-0.21,1007.52
18.01,0.31,-0.73,0.62,-1.45,-1.44,-0.21,1007.55
18.01,0.31,-0.73,0.62,-1.45,-1.44,-0.21,1007.55
18.01,0.31,-0.73,0.62,-1.45,-1.44,-0.21,1007.55
18.01,0.31,-0.73,0.62,-1.45,-1.44,-0.21,1007.55
18.01,0.31,-0.73,0.62,-1.45,-1.44,-0.21,1007.55
18.01,0.31,-0.73,0.62,-1.45,-1.44,-0.21,1007.55
18.01,0.31,-0.73,0.62,-1.45,-1.44,-0.21,1007.55
18.014,0.62,-0.60,0.45,0.58,-2.51,-3.11,1007.40
18.021,0.85,-0.64,0.43,-0.28,-0.04,-0.12,1007.55
18.07,0.78,-0.57,0.45,-0.28,-0.04,-0.12,1007.55
18.07,0.78,-0.57,0.45,-0.28,-0.04,-0.12,1007.55
18.089,0.78,-0.57,0.45,-0.14,0.02,-0.23,1007.55
18.09,0.78,-0.57,0.45,-0.14,0.02,-0.23,1007.50
18.124,0.74,-0.60,0.44,-0.14,0.02,-0.23,1007.50
18.124,0.74,-0.60,0.44,-0.14,0.02,-0.23,1007.50
18.124,0.74,-0.60,0.44,-0.14,0.02,-0.23,1007.50
18.198,0.74,-0.60,0.44,-0.06,0.04,0.01,1007.50
18.198,0.74,-0.60,0.44,-0.06,0.04,0.01,1007.50
18.203,0.80,-0.56,0.41,-0.06,0.04,0.01,1007.52
18.22,0.80,-0.56,0.41,0.11,0.23,0.16,1007.52
18.239,0.80,-0.56,0.41,0.11,0.23,0.16,1007.50
18.239,0.80,-0.56,0.41,0.11,0.23,0.16,1007.50
18.288,1.00,-0.65,0.48,0.11,0.23,0.16,1007.50
18.299,1.00,-0.65,0.48,0.15,3.13,1.40,1007.40
18.299,1.00,-0.65,0.48,0.15,3.13,1.40,1007.40
18.341,0.65,-0.58,0.43,0.15,3.13,1.40,1007.40
18.355,0.65,-0.58,0.43,0.97,3.30,1.18,1007.40
18.376,0.65,-0.58,0.43,0.97,3.30,1.18,1007.49
18.394,0.47,-0.64,0.53,0.97,3.30,1.18,1007.49
18.394,0.47,-0.64,0.53,0.97,3.30,1.18,1007.49
18.394,0.47,-0.64,0.53,0.97,3.30,1.18,1007.49
18.455,0.47,-0.64,0.53,-0.69,1.42,0.83,1007.49
18.459,0.41,-0.56,0.54,-0.69,1.42,0.83,1007.47
18.484,0.41,-0.56,0.54,1.20,1.44,0.54,1007.47
18.484,0.41,-0.56,0.54,1.20,1.44,0.54,1007.47
18.484,0.41,-0.56,0.54,1.20,1.44,0.54,1007.47
18.567,0.41,-0.56,0.54,1.20,1.44,0.54,1007.54
18.567,0.41,-0.56,0.54,1.20,1.44,0.54,1007.54
18.567,0.41,-0.56,0.54,1.20,1.44,0.54,1007.54
18.579,0.30,-0.61,0.62,-0.19,0.62,0.31,1007.46
18.591,0.22,-0.60,0.68,-0.19,0.62,0.31,1007.46
18.617,0.22,-0.60,0.68,0.27,0.19,0.14,1007.46
18.617,0.22,-0.60,0.68,0.27,0.19,0.14,1007.46
18.669,0.22,-0.60,0.68,0.27,0.19,0.14,1007.53
18.671,0.16,-0.58,0.67,0.27,0.19,0.14,1007.53
18.685,0.16,-0.58,0.67,0.02,-0.98,-0.18,1007.53
18.685,0.16,-0.58,0.67,0.02,-0.98,-0.18,1007.53
18.754,0.16,-0.58,0.67,0.02,-0.98,-0.18,1007.57
18.754,0.16,-0.58,0.67,0.02,-0.98,-0.18,1007.57
18.758,0.14,-0.61,0.62,-0.16,-2.08,0.52,1007.57
18.788,0.14,-0.61,0.62,-0.16,-2.08,0.52,1007.47
18.791,0.33,-0.70,0.60,-0.16,-2.08,0.52,1007.47
18.791,0.33,-0.70,0.60,-0.16,-2.08,0.52,1007.47
18.855,0.33,-0.70,0.60,-1.51,-1.51,-1.18,1007.47
18.855,0.33,-0.70,0.60,-1.51,-1.51,-1.18,1007.47
18.861,0.60,-0.81,0.64,-1.51,-1.51,-1.18,1007.46
18.884,0.60,-0.81,0.64,-0.14,-1.00,-0.50,1007.46
18.884,0.60,-0.81,0.64,-0.14,-1.00,-0.50,1007.46
18.884,0.60,-0.81,0.64,-0.14,-1.00,-0.50,1007.46
18.978,0.38,-0.67,0.54,-0.14,-1.00,-0.50,1007.46
18.978,0.38,-0.67,0.54,-0.14,-1.00,-0.50,1007.46
18.978,0.38,-0.67,0.54,-0.14,-1.00,-0.50,1007.46
18.991,0.55,-0.58,0.49,0.69,-1.45,-2.04,1007.51
19.005,0.55,-0.58,0.49,0.69,-1.45,-2.04,1007.59
19.025,0.55,-0.58,0.49,0.19,-2.32,-2.43,1007.59
19.025,0.55,-0.58,0.49,0.19,-2.32,-2.43,1007.59
19.075,0.82,-0.64,0.42,0.19,-2.32,-2.43,1007.59
19.085,0.82,-0.64,0.42,0.24,-1.35,-0.63,1007.48
19.085,0.82,-0.64,0.42,0.24,-1.35,-0.63,1007.48
19.125,0.89,-0.69,0.43,0.24,-1.35,-0.63,1007.48
19.125,0.89,-0.69,0.43,0.24,-1.35,-0.63,1007.48
19.173,0.89,-0.69,0.43,0.24,-1.35,-0.63,1007.47
19.173,0.89,-0.69,0.43,0.24,-1.35,-0.63,1007.47
19.192,0.74,-0.56,0.44,-0.45,0.18,0.14,1007.47
19.211,0.74,-0.56,0.44,-0.45,0.18,0.14,1007.49
19.227,0.74,-0.56,0.44,0.22,0.03,-0.11,1007.49
19.227,0.74,-0.56,0.44,0.22,0.03,-0.11,1007.49
19.288,0.74,-0.58,0.46,0.22,0.03,-0.11,1007.49
19.288,0.74,-0.58,0.46,0.22,0.03,-0.11,1007.49
19.292,0.74,-0.58,0.46,-0.24,-0.14,0.01,1007.55
19.326,0.96,-0.66,0.49,-0.24,-0.14,0.01,1007.55
19.326,0.96,-0.66,0.49,-0.24,-0.14,0.01,1007.55
19.326,0.96,-0.66,0.49,-0.24,-0.14,0.01,1007.55
19.391,0.96,-0.66,0.49,-0.24,-0.14,0.01,1007.44
19.391,0.96,-0.66,0.49,-0.24,-0.14,0.01,1007.44
19.397,0.55,-0.48,0.40,0.19,3.28,1.97,1007.44
19.42,0.55,-0.48,0.40,0.06,0.91,0.43,1007.45
19.42,0.55,-0.48,0.40,0.06,0.91,0.43,1007.45
19.485,0.63,-0.67,0.54,0.06,0.91,0.43,1007.45
19.485,0.63,-0.67,0.54,0.06,0.91,0.43,1007.45
19.486,0.63,-0.67,0.54,0.04,0.92,0.92,1007.45
19.497,0.63,-0.67,0.54,0.04,0.92,0.92,1007.48
19.543,0.49,-0.62,0.57,0.04,0.92,0.92,1007.48
19.543,0.49,-0.62,0.57,0.04,0.92,0.92,1007.48
19.558,0.49,-0.62,0.57,0.44,0.49,0.34,1007.57
19.592,0.50,-0.67,0.54,0.44,0.49,0.34,1007.57
19.592,0.50,-0.67,0.54,0.44,0.49,0.34,1007.57
19.638,0.50,-0.67,0.54,-0.20,0.10,0.76,1007.57
19.638,0.50,-0.67,0.54,-0.20,0.10,0.76,1007.57
19.659,0.48,-0.65,0.57,-0.20,0.10,0.76,1007.48
19.659,0.48,-0.65,0.57,-0.20,0.10,0.76,1007.48
19.684,0.48,-0.65,0.57,-0.05,0.01,0.29,1007.48
19.71,0.48,-0.65,0.57,-0.05,0.01,0.29,1007.56
19.729,0.43,-0.66,0.61,-0.05,0.01,0.29,1007.56
19.729,0.43,-0.66,0.61,-0.05,0.01,0.29,1007.56
19.777,0.43,-0.66,0.61,-0.03,0.02,0.18,1007.56
19.777,0.43,-0.66,0.61,-0.03,0.02,0.18,1007.56
19.793,0.42,-0.64,0.61,-0.03,0.02,0.18,1007.60
19.817,0.42,-0.64,0.61,0.45,0.38,0.07,1007.60
19.817,0.42,-0.64,0.61,0.45,0.38,0.07,1007.60
19.875,0.42,-0.64,0.61,0.45,0.38,0.07,1007.48
19.875,0.42,-0.64,0.61,0.45,0.38,0.07,1007.48
19.878,0.40,-0.65,0.63,0.45,0.38,0.07,1007.48
19.894,0.40,-0.65,0.63,0.02,-0.10,-0.13,1007.48
19.91,0.40,-0.65,0.63,0.02,-0.10,-0.13,1007.52
19.927,0.39,-0.69,0.61,0.02,-0.10,-0.13,1007.52
19.972,0.39,-0.69,0.61,0.46,0.13,0.18,1007.52
19.972,0.39,-0.69,0.61,0.46,0.13,0.18,1007.52
19.982,0.39,-0.69,0.61,0.46,0.13,0.18,1007.55
19.982,0.39,-0.69,0.61,0.46,0.13,0.18,1007.55
19.982,0.39,-0.69,0.61,0.46,0.13,0.18,1007.55
19.982,0.39,-0.69,0.61,0.46,0.13,0.18,1007.55
19.982,0.39,-0.69,0.61,0.46,0.13,0.18,1007.55
19.982,0.39,-0.69,0.61,0.46,0.13,0.18,1007.55
19.982,0.39,-0.69,0.61,0.46,0.13,0.18,1007.55
19.982,0.39,-0.69,0.61,0.46,0.13,0.18,1007.55
20.251,0.38,-0.67,0.62,0.46,0.13,0.18,1007.55
20.251,0.38,-0.67,0.62,0.46,0.13,0.18,1007.55
20.251,0.38,-0.67,0.62,0.46,0.13,0.18,1007.55
20.251,0.38,-0.67,0.62,0.46,0.13,0.18,1007.55
20.251,0.38,-0.67,0.62,0.46,0.13,0.18,1007.55
20.251,0.38,-0.67,0.62,0.46,0.13,0.18,1007.55
20.251,0.38,-0.67,0.62,0.46,0.13,0.18,1007.55
20.256,0.41,-0.68,0.65,-0.13,-0.29,-0.09,1007.49
20.284,0.43,-0.69,0.63,-0.06,0.09,0.05,1007.56
20.284,0.43,-0.69,0.63,-0.06,0.09,0.05,1007.56
20.284,0.43,-0.69,0.63,-0.06,0.09,0.05,1007.56
20.346,0.38,-0.67,0.62,-0.06,0.09,0.05,1007.56
20.346,0.38,-0.67,0.62,-0.06,0.09,0.05,1007.56
20.351,0.38,-0.67,0.62,-0.00,-0.12,-0.01,1007.47
20.351,0.38,-0.67,0.62,-0.00,-0.12,-0.01,1007.47
20.415,0.42,-0.67,0.64,-0.00,-0.12,-0.01,1007.47
20.418,0.42,-0.67,0.64,-0.00,-0.12,-0.01,1007.44
20.419,0.42,-0.67,0.64,0.06,-0.04,0.01,1007.44
20.419,0.42,-0.67,0.64,0.06,-0.04,0.01,1007.44
20.494,0.39,-0.67,0.64,0.06,-0.04,0.01,1007.44
20.494,0.39,-0.67,0.64,0.06,-0.04,0.01,1007.44
20.498,0.39,-0.67,0.64,0.04,-0.12,-0.05,1007.61
20.498,0.39,-0.67,0.64,0.04,-0.12,-0.05,1007.61
20.568,0.41,-0.70,0.63,0.04,-0.12,-0.05,1007.61
20.568,0.41,-0.70,0.63,0.04,-0.12,-0.05,1007.61
20.579,0.41,-0.70,0.63,0.04,-0.12,-0.05,1007.48
20.599,0.40,-0.69,0.64,0.13,0.17,-0.12,1007.48
20.613,0.40,-0.69,0.64,0.13,0.17,-0.12,1007.40
20.63,0.40,-0.69,0.64,-0.23,-0.26,-0.04,1007.40
20.63,0.40,-0.69,0.64,-0.23,-0.26,-0.04,1007.40
20.674,0.40,-0.67,0.65,-0.23,-0.26,-0.04,1007.40
20.684,0.40,-0.67,0.65,-0.23,-0.26,-0.04,1007.50
20.686,0.40,-0.67,0.65,0.38,-0.02,-0.03,1007.50
20.747,0.39,-0.66,0.65,0.38,-0.02,-0.03,1007.50
20.747,0.39,-0.66,0.65,0.38,-0.02,-0.03,1007.50
20.76,0.39,-0.66,0.65,0.05,-0.03,-0.03,1007.55
